,cell_type,patient,Percent_of_cell_type,condition
0,01_B,XAUT1-HS1,8.720271800679502,HC
1,01_B,XAUT1-HS10,12.400906002265005,UCV
2,01_B,XAUT1-HS11,8.040770101925254,UCV
3,01_B,XAUT1-HS12,2.0385050962627407,UCV
4,01_B,XAUT1-HS2,6.455266138165346,HC
5,01_B,XAUT1-HS3,14.156285390713478,HC
6,01_B,XAUT1-HS4,8.55039637599094,HC
7,01_B,XAUT1-HS6,10.532276330690827,UCNB
8,01_B,XAUT1-HS7,10.532276330690827,UCNB
9,01_B,XAUT1-HS8,8.210645526613817,UCNB
10,01_B,XAUT1-HS9,10.362400906002266,UCV
11,02_Plasmablasts,XAUT1-HS1,1.9801980198019802,HC
12,02_Plasmablasts,XAUT1-HS10,1.9801980198019802,UCV
13,02_Plasmablasts,XAUT1-HS11,7.920792079207921,UCV
14,02_Plasmablasts,XAUT1-HS12,0.9900990099009901,UCV
15,02_Plasmablasts,XAUT1-HS2,6.9306930693069315,HC
16,02_Plasmablasts,XAUT1-HS3,4.9504950495049505,HC
17,02_Plasmablasts,XAUT1-HS4,4.9504950495049505,HC
18,02_Plasmablasts,XAUT1-HS6,35.64356435643564,UCNB
19,02_Plasmablasts,XAUT1-HS7,15.841584158415841,UCNB
20,02_Plasmablasts,XAUT1-HS8,6.9306930693069315,UCNB
21,02_Plasmablasts,XAUT1-HS9,11.881188118811881,UCV
22,03_CD4 T,XAUT1-HS1,1.0144927536231882,HC
23,03_CD4 T,XAUT1-HS10,6.666666666666667,UCV
24,03_CD4 T,XAUT1-HS11,5.917874396135265,UCV
25,03_CD4 T,XAUT1-HS12,3.91304347826087,UCV
26,03_CD4 T,XAUT1-HS2,17.971014492753625,HC
27,03_CD4 T,XAUT1-HS3,8.816425120772948,HC
28,03_CD4 T,XAUT1-HS4,12.51207729468599,HC
29,03_CD4 T,XAUT1-HS6,15.072463768115943,UCNB
30,03_CD4 T,XAUT1-HS7,12.028985507246377,UCNB
31,03_CD4 T,XAUT1-HS8,5.072463768115942,UCNB
32,03_CD4 T,XAUT1-HS9,11.014492753623188,UCV
33,04_Treg,XAUT1-HS1,0.8450704225352111,HC
34,04_Treg,XAUT1-HS10,12.957746478873238,UCV
35,04_Treg,XAUT1-HS11,9.014084507042254,UCV
36,04_Treg,XAUT1-HS12,7.042253521126761,UCV
37,04_Treg,XAUT1-HS2,13.521126760563378,HC
38,04_Treg,XAUT1-HS3,8.169014084507042,HC
39,04_Treg,XAUT1-HS4,13.521126760563378,HC
40,04_Treg,XAUT1-HS6,9.859154929577464,UCNB
41,04_Treg,XAUT1-HS7,12.676056338028168,UCNB
42,04_Treg,XAUT1-HS8,5.070422535211268,UCNB
43,04_Treg,XAUT1-HS9,7.323943661971831,UCV
44,05_MAIT,XAUT1-HS1,0.18018018018018017,HC
45,05_MAIT,XAUT1-HS10,4.864864864864865,UCV
46,05_MAIT,XAUT1-HS11,1.0810810810810811,UCV
47,05_MAIT,XAUT1-HS12,0.9009009009009009,UCV
48,05_MAIT,XAUT1-HS2,43.24324324324324,HC
49,05_MAIT,XAUT1-HS3,5.9459459459459465,HC
50,05_MAIT,XAUT1-HS4,9.54954954954955,HC
51,05_MAIT,XAUT1-HS6,17.117117117117118,UCNB
52,05_MAIT,XAUT1-HS7,2.3423423423423424,UCNB
53,05_MAIT,XAUT1-HS8,2.3423423423423424,UCNB
54,05_MAIT,XAUT1-HS9,12.432432432432433,UCV
55,06_CD8 T,XAUT1-HS1,3.0293367346938775,HC
56,06_CD8 T,XAUT1-HS10,3.475765306122449,UCV
57,06_CD8 T,XAUT1-HS11,2.0089285714285716,UCV
58,06_CD8 T,XAUT1-HS12,20.34438775510204,UCV
59,06_CD8 T,XAUT1-HS2,11.73469387755102,HC
60,06_CD8 T,XAUT1-HS3,10.267857142857142,HC
61,06_CD8 T,XAUT1-HS4,6.855867346938775,HC
62,06_CD8 T,XAUT1-HS6,19.068877551020407,UCNB
63,06_CD8 T,XAUT1-HS7,16.996173469387756,UCNB
64,06_CD8 T,XAUT1-HS8,2.5191326530612246,UCNB
65,06_CD8 T,XAUT1-HS9,3.6989795918367347,UCV
66,07_gd T cells,XAUT1-HS1,1.4598540145985401,HC
67,07_gd T cells,XAUT1-HS10,2.18978102189781,UCV
68,07_gd T cells,XAUT1-HS11,4.37956204379562,UCV
69,07_gd T cells,XAUT1-HS12,0.36496350364963503,UCV
70,07_gd T cells,XAUT1-HS2,32.846715328467155,HC
71,07_gd T cells,XAUT1-HS3,7.664233576642336,HC
72,07_gd T cells,XAUT1-HS4,18.613138686131386,HC
73,07_gd T cells,XAUT1-HS6,12.043795620437956,UCNB
74,07_gd T cells,XAUT1-HS7,3.2846715328467155,UCNB
75,07_gd T cells,XAUT1-HS8,0.36496350364963503,UCNB
76,07_gd T cells,XAUT1-HS9,16.78832116788321,UCV
77,08_NK,XAUT1-HS1,0.3464203233256351,HC
78,08_NK,XAUT1-HS10,9.430331023864511,UCV
79,08_NK,XAUT1-HS11,2.848344880677444,UCV
80,08_NK,XAUT1-HS12,8.275596612779061,UCV
81,08_NK,XAUT1-HS2,18.976135488837567,HC
82,08_NK,XAUT1-HS3,7.005388760585066,HC
83,08_NK,XAUT1-HS4,6.620477290223249,HC
84,08_NK,XAUT1-HS6,24.94226327944573,UCNB
85,08_NK,XAUT1-HS7,12.009237875288683,UCNB
86,08_NK,XAUT1-HS8,5.50423402617398,UCNB
87,08_NK,XAUT1-HS9,4.041570438799076,UCV
88,09_CD14 classical monocytes,XAUT1-HS1,9.867821330902462,HC
89,09_CD14 classical monocytes,XAUT1-HS10,10.300820419325433,UCV
90,09_CD14 classical monocytes,XAUT1-HS11,3.965360072926162,UCV
91,09_CD14 classical monocytes,XAUT1-HS12,7.907930720145852,UCV
92,09_CD14 classical monocytes,XAUT1-HS2,13.126709206927986,HC
93,09_CD14 classical monocytes,XAUT1-HS3,6.403828623518687,HC
94,09_CD14 classical monocytes,XAUT1-HS4,8.61440291704649,HC
95,09_CD14 classical monocytes,XAUT1-HS6,17.798541476754785,UCNB
96,09_CD14 classical monocytes,XAUT1-HS7,8.135824977210575,UCNB
97,09_CD14 classical monocytes,XAUT1-HS8,7.6116681859617135,UCNB
98,09_CD14 classical monocytes,XAUT1-HS9,6.267092069279855,UCV
99,10_CD16 Nonclassical monocytes,XAUT1-HS1,7.393483709273182,HC
100,10_CD16 Nonclassical monocytes,XAUT1-HS10,12.719298245614036,UCV
101,10_CD16 Nonclassical monocytes,XAUT1-HS11,5.325814536340852,UCV
102,10_CD16 Nonclassical monocytes,XAUT1-HS12,4.072681704260652,UCV
103,10_CD16 Nonclassical monocytes,XAUT1-HS2,15.977443609022558,HC
104,10_CD16 Nonclassical monocytes,XAUT1-HS3,6.140350877192982,HC
105,10_CD16 Nonclassical monocytes,XAUT1-HS4,4.010025062656641,HC
106,10_CD16 Nonclassical monocytes,XAUT1-HS6,18.295739348370926,UCNB
107,10_CD16 Nonclassical monocytes,XAUT1-HS7,14.473684210526317,UCNB
108,10_CD16 Nonclassical monocytes,XAUT1-HS8,5.701754385964912,UCNB
109,10_CD16 Nonclassical monocytes,XAUT1-HS9,5.889724310776942,UCV
110,11_DC,XAUT1-HS1,5.208333333333334,HC
111,11_DC,XAUT1-HS10,8.680555555555555,UCV
112,11_DC,XAUT1-HS11,10.416666666666668,UCV
113,11_DC,XAUT1-HS12,4.513888888888888,UCV
114,11_DC,XAUT1-HS2,15.277777777777779,HC
115,11_DC,XAUT1-HS3,11.805555555555555,HC
116,11_DC,XAUT1-HS4,8.333333333333332,HC
117,11_DC,XAUT1-HS6,13.541666666666666,UCNB
118,11_DC,XAUT1-HS7,10.416666666666668,UCNB
119,11_DC,XAUT1-HS8,8.680555555555555,UCNB
120,11_DC,XAUT1-HS9,3.125,UCV
121,12_pDC and ASDC,XAUT1-HS1,5.263157894736842,HC
122,12_pDC and ASDC,XAUT1-HS10,14.473684210526317,UCV
123,12_pDC and ASDC,XAUT1-HS11,19.736842105263158,UCV
124,12_pDC and ASDC,XAUT1-HS12,6.578947368421052,UCV
125,12_pDC and ASDC,XAUT1-HS2,3.9473684210526314,HC
126,12_pDC and ASDC,XAUT1-HS3,7.894736842105263,HC
127,12_pDC and ASDC,XAUT1-HS4,6.578947368421052,HC
128,12_pDC and ASDC,XAUT1-HS6,7.894736842105263,UCNB
129,12_pDC and ASDC,XAUT1-HS7,9.210526315789473,UCNB
130,12_pDC and ASDC,XAUT1-HS8,14.473684210526317,UCNB
131,12_pDC and ASDC,XAUT1-HS9,3.9473684210526314,UCV
132,13_Platelets,XAUT1-HS1,2.547770700636943,HC
133,13_Platelets,XAUT1-HS10,5.414012738853503,UCV
134,13_Platelets,XAUT1-HS11,21.656050955414013,UCV
135,13_Platelets,XAUT1-HS12,7.643312101910828,UCV
136,13_Platelets,XAUT1-HS2,13.694267515923567,HC
137,13_Platelets,XAUT1-HS3,7.961783439490445,HC
138,13_Platelets,XAUT1-HS4,7.32484076433121,HC
139,13_Platelets,XAUT1-HS6,11.146496815286625,UCNB
140,13_Platelets,XAUT1-HS7,10.191082802547772,UCNB
141,13_Platelets,XAUT1-HS8,4.140127388535031,UCNB
142,13_Platelets,XAUT1-HS9,8.280254777070063,UCV
143,14_Erythrocytes,XAUT1-HS1,2.3605150214592276,HC
144,14_Erythrocytes,XAUT1-HS10,3.862660944206009,UCV
145,14_Erythrocytes,XAUT1-HS11,9.871244635193133,UCV
146,14_Erythrocytes,XAUT1-HS12,4.506437768240343,UCV
147,14_Erythrocytes,XAUT1-HS2,15.665236051502147,HC
148,14_Erythrocytes,XAUT1-HS3,9.44206008583691,HC
149,14_Erythrocytes,XAUT1-HS4,10.515021459227468,HC
150,14_Erythrocytes,XAUT1-HS6,12.017167381974248,UCNB
151,14_Erythrocytes,XAUT1-HS7,17.167381974248926,UCNB
152,14_Erythrocytes,XAUT1-HS8,4.506437768240343,UCNB
153,14_Erythrocytes,XAUT1-HS9,10.085836909871244,UCV
154,15_Cycling,XAUT1-HS1,0.0,HC
155,15_Cycling,XAUT1-HS10,16.883116883116884,UCV
156,15_Cycling,XAUT1-HS11,3.896103896103896,UCV
157,15_Cycling,XAUT1-HS12,9.090909090909092,UCV
158,15_Cycling,XAUT1-HS2,28.57142857142857,HC
159,15_Cycling,XAUT1-HS3,5.194805194805195,HC
160,15_Cycling,XAUT1-HS4,6.493506493506493,HC
161,15_Cycling,XAUT1-HS6,12.987012987012985,UCNB
162,15_Cycling,XAUT1-HS7,9.090909090909092,UCNB
163,15_Cycling,XAUT1-HS8,0.0,UCNB
164,15_Cycling,XAUT1-HS9,7.792207792207792,UCV
